"u","area_q025","area_q50","area_q975","area_MAP","time"
"crops",NA,NA,NA,NA,1950
"grass",NA,NA,NA,NA,1950
"other",NA,NA,NA,NA,1950
"rough",NA,NA,NA,NA,1950
"urban",NA,NA,NA,NA,1950
"woods",NA,NA,NA,NA,1950
"crops",484.296166299027,589.730283459654,704.626064323745,619.279614638864,1951
"grass",764.948324265989,885.628741521636,1012.77828202943,890.161450391627,1951
"other",67.4790688623817,151.259351380529,256.66821193935,80.5389328528354,1951
"rough",114.466067543269,223.80737203252,337.170449215027,222.508730178764,1951
"urban",182.96828631805,296.168973465695,410.240510463294,277.396942335384,1951
"woods",279.749258819015,372.301246714984,472.336978440192,292.722749800315,1951
"crops",554.49748916462,657.013888465988,789.367615170869,659.311707794326,1952
"grass",658.661398550875,781.809350264882,900.724557224583,724.186879377327,1952
"other",78.2356412149334,159.895831177607,268.372967498613,103.383403417928,1952
"rough",162.751104485172,281.391843613512,401.797236325905,308.330037967173,1952
"urban",195.80565479448,302.386446315021,420.000943702255,262.530626101339,1952
"woods",286.148194464899,381.51053493446,472.115675425468,334.44935861852,1952
"crops",538.477269144298,647.025459932059,752.806010291998,627.376694201042,1953
"grass",700.449835538553,828.057144509162,957.850569120022,799.526316867886,1953
"other",91.247178295046,178.845585949351,291.801713163753,101.00559056345,1953
"rough",93.8576628739797,191.737504575926,306.99273889846,90.0750553098302,1953
"urban",218.981755358465,323.97142615788,440.711894253386,288.793420972218,1953
"woods",317.749644130941,405.543285306789,507.494195760223,346.773346563308,1953
"crops",499.547883479921,600.374428326561,710.962801455066,595.726076367411,1954
"grass",732.043228813348,858.352482763542,993.302545701139,852.335663473869,1954
"other",66.1194961262073,154.454244513932,253.742832309549,133.052100747974,1954
"rough",146.426668991834,243.449892047561,361.844168350902,200.466570320056,1954
"urban",198.326055483407,312.640652552971,426.400936047391,225.422207498052,1954
"woods",300.725804575794,395.063629604941,492.127220904498,380.721070871197,1954
"crops",461.694265578737,581.280813621,683.92226419161,538.255025435685,1955
"grass",744.359945341554,859.538963648109,983.048010631608,869.170213471311,1955
"other",70.2056676242116,157.781227558235,268.322541158079,68.2910041133342,1955
"rough",147.597868219805,262.393717308908,392.800012961384,218.777295221537,1955
"urban",183.53819056471,294.119505436933,425.895045021955,313.77419318576,1955
"woods",304.748404718216,393.569518614611,492.560686658559,400.036011827914,1955
"crops",603.859709099179,707.49063913165,808.648066457095,617.275281234221,1956
"grass",628.240192242165,752.074121777749,875.811809050737,718.118953234794,1956
"other",78.0525880329008,171.463833524045,284.440737749611,113.090141067316,1956
"rough",126.254342872564,217.085167375319,346.353535884441,230.368744486721,1956
"urban",215.669085482907,327.145726077795,440.369155738887,332.484768743535,1956
"woods",317.439559118087,409.237510594695,512.00688106075,395.519853775768,1956
"crops",521.12696544199,613.444762929214,727.35645560482,570.193992315485,1957
"grass",651.773173248474,780.002322318395,913.265615753653,699.097843823954,1957
"other",72.3624157348446,151.025811612321,252.07373345367,125.932437150058,1957
"rough",197.759384828704,312.40667559785,438.89175929933,242.236747403293,1957
"urban",200.204320654546,304.835643964173,439.30628913457,224.463824206978,1957
"woods",310.325368482073,408.879854294601,505.211273820081,390.755297961424,1957
"crops",513.806861324976,623.687190553392,747.305981507905,577.109351467156,1958
"grass",658.003588443812,775.912020101669,906.185333242705,792.969157044126,1958
"other",72.7890887552934,160.574749501625,254.770459326724,162.930968073841,1958
"rough",177.852888096989,314.598371224324,440.567686675117,266.393051090878,1958
"urban",178.339959852265,300.781868095647,425.757856452153,228.307867952497,1958
"woods",310.350803748823,402.739889652504,502.007608267395,416.874454076163,1958
"crops",489.359185188319,610.643363506902,740.427112525851,656.503565856157,1959
"grass",623.8084771085,751.191343295421,875.721541680557,745.4964587209,1959
"other",77.6855983567826,170.482649347976,270.159940275055,80.2879155775835,1959
"rough",195.779682611444,301.811503964657,418.361928859298,236.586651610913,1959
"urban",188.93388399154,317.426264588571,435.811227215053,214.747863230503,1959
"woods",321.582147789886,418.754201715734,515.585167525326,348.677240923247,1959
"crops",588.034980508914,693.228427447495,815.113650483662,651.004359113876,1960
"grass",612.745186030272,744.436515173766,861.728495458829,738.425784318111,1960
"other",73.3349051209621,146.92716017886,242.522890477991,107.643202530998,1960
"rough",144.338176522943,263.224681983868,381.450706992407,265.61984576449,1960
"urban",181.628779626064,294.043497454878,409.941971186615,309.244415642745,1960
"woods",317.109085468463,407.864335638597,499.876623829772,363.551689925449,1960
"crops",703.603229284534,825.270405686472,933.926787640659,766.71073840369,1961
"grass",449.030642959081,569.986120162423,701.388336470623,594.041195290344,1961
"other",82.9725533758065,165.538879562488,267.966172299117,85.5946245072603,1961
"rough",180.199637939862,287.637852203772,412.383978568613,262.876650844404,1961
"urban",201.726332155605,306.817184029665,421.24656651607,315.606636977176,1961
"woods",318.216505574179,406.079480048611,511.933335057359,391.666120175132,1961
"crops",666.097524542122,810.019603790152,917.069872195413,821.148427063857,1962
"grass",557.78075525825,694.208065944846,815.160831950446,642.539978345667,1962
"other",76.9108194786402,151.230088603136,271.210840235639,148.45183602012,1962
"rough",113.292769256148,212.376597297025,324.69004693725,138.526187305504,1962
"urban",192.406571907999,287.829508575865,412.336385092922,218.414183799249,1962
"woods",306.464826661501,396.508544553294,494.568478098324,378.5962235348,1962
"crops",710.793663113814,833.89745380986,961.975127401006,791.464378468914,1963
"grass",550.872026345004,680.902424964918,808.935537813494,653.300279693312,1963
"other",69.3430809832671,148.976746969117,260.184029645672,108.205290000463,1963
"rough",111.809300133225,226.238350038795,331.009167724121,223.083989829786,1963
"urban",191.601189294357,281.919717038136,394.98078857056,246.273824824579,1963
"woods",298.665876756253,390.817941611449,488.138228748809,350.341542104322,1963
"crops",693.411891185292,824.98423186486,945.870814999629,755.038182306222,1964
"grass",600.784944788348,730.572919824334,849.940961987223,762.102819955954,1964
"other",69.7478786987286,148.147096501513,252.205907974479,94.6813499535785,1964
"rough",82.6337202313768,184.514654994864,281.130572148817,138.888948588678,1964
"urban",169.742719236837,294.717199139404,406.031324110558,305.325396375028,1964
"woods",311.553685169998,401.853173974751,497.212523552646,341.187338845679,1964
"crops",720.613006400398,833.222111984702,948.864511163162,765.821468774822,1965
"grass",557.774937147322,682.043958155398,810.952092257145,668.662955633182,1965
"other",73.4509678903795,147.191795598682,266.70609973148,66.995529097412,1965
"rough",114.795704980362,210.012239176958,322.600827286071,150.980973934721,1965
"urban",177.730870924322,289.503054860721,410.471209313218,272.357208645357,1965
"woods",310.814335594986,407.755841137286,505.376529207086,397.24160562858,1965
"crops",673.354861780975,805.472664510079,930.974592090593,787.279658653567,1966
"grass",597.965166992667,733.57684874766,849.600582962179,774.678321210975,1966
"other",63.7934804702259,145.983045398634,241.431400118268,114.368528473549,1966
"rough",103.038362537426,191.631507176402,305.624017053968,154.368782142373,1966
"urban",175.442665122636,284.585443403174,405.879326371733,195.501165419116,1966
"woods",302.503327043856,393.832082007347,489.407780370372,367.11880871567,1966
"crops",701.773522460377,820.437296757638,945.74879320275,754.032867503221,1967
"grass",560.951542459213,689.061125197943,814.257686032771,695.15572097581,1967
"other",78.7662140979647,150.779213922021,245.558586475841,135.044550422558,1967
"rough",114.234102819522,219.082822729067,338.665188343404,142.429983423655,1967
"urban",180.32558018714,292.48958091321,417.532259716536,224.55304978814,1967
"woods",317.294546415232,399.762473819856,492.066655065411,374.060137929619,1967
"crops",692.721769796248,805.194519269988,926.196153676455,757.352865124309,1968
"grass",559.8930177819,684.738585219222,807.618955762402,625.563257881026,1968
"other",69.4432253914055,157.135344104286,251.808763902804,65.6362708543115,1968
"rough",122.991303115516,231.654012286316,337.944123829615,244.323540240939,1968
"urban",173.301414552412,291.630492650219,406.141759003638,309.787588120304,1968
"woods",301.886201820002,392.263841841647,484.040555804625,387.715552777029,1968
"crops",675.819968554109,785.5039911714,909.735697319585,758.34145983303,1969
"grass",576.35390834969,697.859599805185,821.137470858689,694.17577360209,1969
"other",77.3982726575292,152.116122101517,255.527358270445,79.9338666251293,1969
"rough",145.614328421801,251.710879607552,369.771352519521,182.558051967436,1969
"urban",161.289189723117,270.35035585597,402.261294646362,213.558094647107,1969
"woods",312.873787432732,404.976956255159,490.922871249269,385.240569842293,1969
"crops",712.954771096237,827.383956572221,948.559794894907,788.39926791103,1970
"grass",553.993224468651,677.566321536498,813.854401859113,624.27117018535,1970
"other",71.4987922539016,153.217752130524,250.222396624294,101.81004195416,1970
"rough",103.487639151993,195.725597134689,293.439358802011,143.838366590576,1970
"urban",208.262865736199,303.393288201653,424.080763193749,319.613402717166,1970
"woods",333.721537079136,429.259961270796,533.577005151262,398.620096799947,1970
"crops",751.069034189968,874.346460477058,997.778075849153,832.774343752199,1971
"grass",660.980263100901,786.114788498242,911.345030528458,778.88944207413,1971
"other",84.3794336684566,167.498300499241,283.119703791729,113.919768240875,1971
"rough",142.813010441691,253.674382845516,375.821170360808,210.54696120786,1971
"urban",217.579835726009,318.951308005801,451.355109043708,273.906530384243,1971
"woods",382.394943092026,471.118676472558,571.008806303509,493.013486229923,1971
"crops",793.768204289814,911.663227509591,1030.60018591155,870.006424270074,1972
"grass",809.737830407522,957.435138763264,1098.76263476348,1040.26427190148,1972
"other",61.6051223025554,147.935388890871,260.499555843776,116.105490916823,1972
"rough",183.858272474854,306.462225762491,414.208768092228,304.928247873579,1972
"urban",202.826793578457,310.966671970047,441.874598271621,304.566143442341,1972
"woods",357.883483371868,452.827169318007,555.253557460592,415.367692924552,1972
"crops",874.277605087465,998.517026573589,1122.272775788,1031.78651071556,1973
"grass",942.094506278814,1062.55806754595,1188.7018376124,1103.35626801014,1973
"other",77.0208595811067,152.634518286382,248.409915126991,101.611914702094,1973
"rough",313.581846141912,439.26631040438,556.112125700688,364.216770123751,1973
"urban",187.266714201102,286.896572877882,415.631195968921,237.025291759262,1973
"woods",352.906409871037,436.515746457927,546.114354850799,428.567696405234,1973
"crops",982.923960571741,1126.30639580141,1251.667410898,1118.79490728631,1974
"grass",1011.87013325732,1145.12965283056,1303.16436360018,1151.64409296025,1974
"other",78.383432659647,168.415156281572,264.987077726329,156.21987504232,1974
"rough",297.462458836159,441.763989244922,559.612789695732,452.727231436981,1974
"urban",200.067416573516,306.132907481935,423.102196202822,213.647898320549,1974
"woods",360.079225929541,453.205665609652,546.162637186339,469.096632632469,1974
"crops",1035.7396576893,1181.77592678294,1305.89065870007,1100.59341099159,1975
"grass",1115.30253038025,1277.69334893856,1418.86372347956,1281.62130563569,1975
"other",78.6201696924902,161.906005046387,266.131832911798,85.4990253946904,1975
"rough",400.298574098267,537.893554829423,654.590573943722,477.585334391582,1975
"urban",184.432970157779,293.308006257844,418.240154706918,308.863929134777,1975
"woods",327.186432685148,422.602799775072,514.205533945489,401.667396283373,1975
"crops",1155.26322859478,1282.52968191572,1419.06318029307,1283.13711654815,1976
"grass",1295.90071587116,1420.84436005891,1560.91686522686,1419.64809922458,1976
"other",74.1704394846348,150.549154558853,254.288984875479,105.095748941921,1976
"rough",454.744397592297,574.21226572666,704.905157084229,560.532879506718,1976
"urban",181.532303462667,279.275877326107,396.921561113052,279.275877326107,1976
"woods",314.141268045229,412.43599692312,501.952035918004,367.513089037476,1976
"crops",1257.16647694039,1417.4659527185,1575.33636108414,1438.01335908368,1977
"grass",1306.16389812678,1486.21819803723,1635.92344874315,1546.28742169762,1977
"other",98.4925620800578,184.737698389894,283.752096451856,168.447137112971,1977
"rough",413.700803024857,566.904846142672,709.372395982316,556.826373000174,1977
"urban",226.176895959949,334.178646917715,456.040560459463,281.223841855737,1977
"woods",349.998421822426,435.059545875128,542.598510944231,443.025599335472,1977
"crops",1317.38545450882,1460.91020318749,1611.69850007117,1447.75363764575,1978
"grass",1442.39663316777,1636.23869305364,1809.53546858939,1581.44786719186,1978
"other",77.3953388902508,155.495979093891,254.017194835066,113.316433702296,1978
"rough",566.168456055861,690.324991059856,796.153571950925,678.288115911186,1978
"urban",183.718185355511,308.984455017499,422.136876490646,251.063209577626,1978
"woods",315.75943880986,408.528394738028,503.036645679278,331.728465224298,1978
"crops",1387.06951682632,1521.3862546126,1674.2497143155,1504.86051375424,1979
"grass",1636.78255516125,1796.58280577909,1984.7584057214,1788.95777364377,1979
"other",87.5992268026718,171.183098189066,277.495960317951,130.077479306437,1979
"rough",557.735527653171,683.135631363142,789.621721760366,598.632730647683,1979
"urban",195.890136054477,304.952245473105,430.190043578645,276.18776295766,1979
"woods",339.625150711585,436.221667012325,516.7776987424,438.859650251636,1979
"crops",1457.16078672392,1610.33573663577,1738.48203801792,1616.60354722203,1980
"grass",1744.63287582211,1925.43650424688,2095.65217951834,1875.76447599305,1980
"other",78.1881584206523,148.518228385306,258.419000032003,63.7661375260199,1980
"rough",685.210498614308,824.408747066805,950.947965454352,796.169860354494,1980
"urban",171.850809025181,283.604193683257,401.028731946117,277.04884966977,1980
"woods",319.549526141785,412.428480566739,506.552761578859,364.339988564889,1980
"crops",1411.392239265,1572.07417114836,1756.98389096736,1565.79602053782,1981
"grass",1535.29968157274,1774.04699413496,2013.33235976773,1723.84150628012,1981
"other",91.3593187490316,199.503844856314,311.34323916234,91.5383775955428,1981
"rough",581.311870491206,688.964260546316,811.452654591466,676.187452439059,1981
"urban",239.596919127551,348.466833913506,462.856914431506,330.612591989394,1981
"woods",367.004458231314,447.463001579495,542.071502344086,433.525088764633,1981
"crops",1340.69058755659,1499.35421044582,1665.45906441694,1436.44365565133,1982
"grass",1623.81309007666,1807.28113291821,1971.5642330177,1849.70496079031,1982
"other",76.1947898030367,162.371012256761,266.45028364315,168.891886135141,1982
"rough",618.459084689947,723.149123904574,844.899004194583,670.699628370115,1982
"urban",183.079792153474,280.803667631161,396.812816484245,261.016839357866,1982
"woods",318.581206110988,408.950616137887,506.270300000011,365.231149426827,1982
"crops",1208.66935255053,1362.36222572807,1523.15407011331,1244.38261035539,1983
"grass",1665.60038953656,1839.67276703579,2029.52103999975,1812.79340950982,1983
"other",42.8504231957516,118.801922935737,207.239843519295,94.0724329174456,1983
"rough",683.317009301358,805.167588657611,938.575079463995,830.523064953634,1983
"urban",134.543331113611,229.472659381009,339.496634383561,217.947103160218,1983
"woods",267.520791920359,366.017449946374,454.636426441635,327.276762236594,1983
"crops",1354.68252084576,1496.04291680267,1644.19404641269,1500.75366334425,1984
"grass",1416.35330831734,1574.92852383445,1754.01194497058,1638.78093809521,1984
"other",84.2035802969284,165.857517297205,261.632019235022,157.76657056924,1984
"rough",552.825753822339,667.5961971204,781.72706428691,686.199219447461,1984
"urban",174.837203625687,279.586272671434,396.775610030596,177.841496586921,1984
"woods",330.65929827447,421.365250207468,527.133827313934,394.854044989031,1984
"crops",1304.17472173846,1449.03851942435,1579.97334262551,1400.96307891815,1985
"grass",1334.932007748,1501.14475969129,1657.45705436615,1547.8893008767,1985
"other",82.7416191263385,174.995221118535,281.654790318659,94.7374311871695,1985
"rough",577.970815941777,677.649580923097,794.474106369283,743.763562414885,1985
"urban",171.560254215068,286.603483431833,417.768269440355,264.504403041822,1985
"woods",325.542983081153,420.975192825091,513.131394618084,354.931001623437,1985
"crops",1140.2445850103,1270.48733802541,1398.30357206799,1244.16215747688,1986
"grass",1387.4013899427,1574.92286368596,1746.90135504552,1582.45863281491,1986
"other",86.7782227442625,165.9532618819,267.859123473756,108.601125540798,1986
"rough",502.831212972525,599.585479961391,725.421378513458,552.342141716509,1986
"urban",159.297117288299,276.376719089235,393.251219072788,233.221063469345,1986
"woods",327.579832440797,421.790143678631,520.609745945234,407.554924220742,1986
"crops",1103.67918702723,1246.32368255042,1398.09036717733,1138.03227210192,1987
"grass",1355.32801388456,1532.88420229517,1694.19423061974,1516.25895265523,1987
"other",56.5371998030909,151.831833567711,242.384478511761,88.3838099767046,1987
"rough",454.012627047396,578.179748266129,709.059885555248,559.950693996521,1987
"urban",127.096944874388,255.201393673471,366.565599438227,215.787004504808,1987
"woods",317.12941888379,419.698299624258,516.939133988087,359.67128958498,1987
"crops",1001.41631267292,1120.0993137241,1243.22297260034,1086.4491200333,1988
"grass",1303.79659884748,1459.99116001246,1598.75218134594,1436.77207705568,1988
"other",77.1860706985716,164.425217109722,264.11228029571,157.662941006397,1988
"rough",474.184684059475,587.138245820953,704.832877027456,561.077311442635,1988
"urban",150.32392078011,255.526850053783,370.305893529603,204.341178810613,1988
"woods",352.104950953905,441.332797890172,537.23396278542,453.464842943098,1988
"crops",809.411264378491,914.79583619825,1037.36312963857,869.127436266822,1989
"grass",1313.33031376178,1472.56967425602,1641.29653462413,1486.04459598194,1989
"other",91.2127768089038,169.866861981817,279.567684339403,124.927158697229,1989
"rough",468.766268307563,580.436299310903,709.715803222281,616.548393867167,1989
"urban",142.549133551412,247.647834326679,364.579627490863,185.663684109511,1989
"woods",368.754805159121,455.396637614838,552.890714302979,407.681939249734,1989
"crops",768.816487098241,892.919455758162,1002.24042137115,896.665403232917,1990
"grass",1330.56029694948,1460.08973924975,1591.82788373673,1456.64209107597,1990
"other",55.5276045940292,119.785332978498,196.416463371716,62.7609263986855,1990
"rough",431.68324140685,545.982503889711,652.215810124316,481.714897749992,1990
"urban",114.513785138034,199.178345623197,297.144186338428,226.433071185736,1990
"woods",314.429389851981,407.738845162088,499.147195971702,389.977721064374,1990
"crops",791.079408239733,901.182392140686,1006.19488697419,869.524397149738,1991
"grass",1273.41914844608,1408.1711486304,1547.77392319805,1357.02147955501,1991
"other",64.7732742491298,126.386971572801,207.362731961835,74.8530411224659,1991
"rough",494.019963322845,599.621650268394,721.726187453937,572.286917944552,1991
"urban",123.900480070862,214.752963694084,315.849827136005,194.70711325828,1991
"woods",252.54032350771,336.590812510064,419.978846902284,275.926404961107,1991
"crops",920.95753178793,1039.65813537561,1160.15493353405,1083.2385454534,1992
"grass",1088.60515554182,1234.5017511321,1383.14517257003,1213.2197057087,1992
"other",57.8365844332321,123.745533118986,203.956862999593,77.7886850895158,1992
"rough",519.435085751752,628.211660327578,746.661208898202,677.500675217775,1992
"urban",120.861666951602,208.360668936982,302.634615100589,217.765359020859,1992
"woods",228.642322608271,323.513119748147,407.401402567277,263.833301118958,1992
"crops",834.902623279551,954.937861090975,1067.22937997488,986.233905138784,1993
"grass",1207.99259697454,1338.8028835209,1497.4531042268,1336.38129478426,1993
"other",69.8965716129625,127.700125140357,204.270911590794,81.9563091900663,1993
"rough",485.790120862381,593.595492231831,709.306451301694,567.35380305332,1993
"urban",116.202273129772,206.205287044627,294.636768122465,89.5457614098609,1993
"woods",232.321270225692,319.797915933159,409.746075984991,314.441476966714,1993
"crops",733.865547960419,852.35688188473,967.484517028648,820.059923088293,1994
"grass",1192.5145347785,1349.69203986572,1491.23669023263,1330.42068197774,1994
"other",72.5092428612082,142.887575448853,223.04992806848,70.6911148617932,1994
"rough",527.290697130645,644.916077765034,762.902382679883,618.063043658939,1994
"urban",140.224360960726,228.542873420883,315.058409716182,197.244059660467,1994
"woods",249.482076914004,342.295214279282,419.274898605968,302.445416396085,1994
"crops",665.494218203577,787.464751013124,909.39347575044,785.719669064017,1995
"grass",1143.15288191939,1286.97469570671,1433.29517891433,1245.08897800541,1995
"other",88.6634310112928,165.321472661149,246.087133459746,133.177776779743,1995
"rough",594.661090327137,716.781413189759,829.649726468875,701.213242503943,1995
"urban",169.845556146393,263.586513601026,371.28641456852,214.277765167679,1995
"woods",254.887937442794,348.1550850584,444.592846363522,328.327451561656,1995
"crops",722.788901023164,842.953161048549,953.793303542393,807.853984257294,1996
"grass",1150.25134937194,1289.35156014282,1422.79132261951,1282.02049764493,1996
"other",67.787936636902,137.839564282285,217.83408799989,107.184802559903,1996
"rough",600.945345112725,717.21569643388,825.314289745121,712.951565150148,1996
"urban",110.320120518528,208.002889143618,320.283149208922,134.212013895879,1996
"woods",208.743483231115,298.287319734913,383.644318893064,250.476323954655,1996
"crops",750.095206801391,860.127525924895,971.77214954161,817.051102680588,1997
"grass",1101.18966915146,1246.54683256132,1372.89836227592,1199.05507854906,1997
"other",86.931181092937,160.092622035124,244.113551005577,108.095036118885,1997
"rough",552.868248323261,668.437157009479,776.366280596184,689.682179910982,1997
"urban",143.443077764582,235.976875545942,326.484705877737,138.898598856248,1997
"woods",246.183906062619,322.8150022688,416.763011899645,298.729314317564,1997
"crops",626.461096127635,733.250679815705,849.691607056264,756.507507588462,1998
"grass",1154.44751273995,1304.27970884592,1455.08808806716,1255.7056515223,1998
"other",79.4801900051191,155.129243507967,233.037185495337,108.437222385035,1998
"rough",633.225208751435,758.547418149378,882.075292524597,737.571215064575,1998
"urban",135.377647032903,217.797898565093,314.904089892373,172.097564519095,1998
"woods",211.024374373789,301.703696040374,385.938839177196,284.212739425132,1998
"crops",571.146525643946,685.805690280643,802.014343465825,659.55074106388,1999
"grass",1214.74842618209,1341.21117083522,1462.56387385147,1320.30735099183,1999
"other",80.779113141447,153.186223616014,230.431672833597,92.3885706984261,1999
"rough",647.511391414535,776.804648461586,895.40054749782,785.384037362719,1999
"urban",122.813908855277,210.983478299687,303.661489607466,188.045088527784,1999
"woods",192.64455474282,288.508904609671,378.638258500837,248.390113084948,1999
"crops",541.86773258384,640.253563011116,756.471709763146,665.208044527594,2000
"grass",1087.38785871622,1219.09053270054,1351.04877619974,1213.45060020638,2000
"other",130.45358089672,195.23954242909,281.149758874545,160.136562568874,2000
"rough",677.944659144543,806.049888933455,921.30762155884,795.70915231406,2000
"urban",173.869645688838,261.27165411101,355.795946198783,207.054154468068,2000
"woods",251.969262843166,340.455914248912,434.677941707918,286.348695848741,2000
"crops",560.657532423841,670.387707145294,775.879507274985,665.349654162643,2001
"grass",1224.84818103858,1365.56092915564,1497.51860976383,1376.25582967235,2001
"other",67.9912137483117,128.003082700401,202.760491615027,51.0612318792057,2001
"rough",719.704239041467,827.149211959412,946.80735961097,753.571910887001,2001
"urban",110.414659982425,185.557106593425,278.063911176309,155.025304316431,2001
"woods",145.983815469496,233.800648461133,331.30717076285,204.432287710663,2001
"crops",408.146546830995,528.507793481173,633.437839985462,523.696492780275,2002
"grass",1142.83090998915,1283.22276711233,1404.66073732984,1197.36830248597,2002
"other",99.8454117188586,160.17618584746,243.265052931746,151.546834053285,2002
"rough",839.422564662022,960.69572303945,1066.58927768618,951.909332623808,2002
"urban",144.650947581842,233.113605199416,327.46307049247,235.164022888554,2002
"woods",192.320911214657,278.548328096304,378.468314686187,256.188726658074,2002
"crops",475.781277005709,595.80468970433,714.381404785513,591.299172259218,2003
"grass",1329.16366775732,1456.78576249614,1593.73157967805,1494.29544325452,2003
"other",88.1965399217668,160.129736772672,240.147492262157,88.1997497623297,2003
"rough",648.266397647456,775.894826892864,902.700878257157,746.14229846111,2003
"urban",130.216451698216,209.890760629278,296.257574934786,214.004257140514,2003
"woods",171.830853323666,259.02773196987,345.726876845434,246.162965017524,2003
"crops",511.702081712476,619.78480589293,732.077390053003,573.898098057871,2004
"grass",1171.18279419559,1291.03645120659,1440.91068593183,1352.18327170208,2004
"other",87.7668179511345,159.300201152347,242.817907347704,106.386345663142,2004
"rough",742.032064257621,869.47618837175,982.304063798275,901.107943596199,2004
"urban",140.044229895613,220.832626750004,301.805215566703,195.275698499404,2004
"woods",185.506138552207,267.837120390138,358.378226283166,240.368928837747,2004
"crops",451.772502218027,563.708083019542,693.500783496189,608.558907749573,2005
"grass",1235.41089600226,1380.17079637032,1509.0414924583,1373.71982447871,2005
"other",80.3588483529394,150.543046731683,226.921156733742,84.0057816607267,2005
"rough",782.166805785864,893.078051810128,1012.04560576092,850.219110015863,2005
"urban",134.031023343926,203.042248671052,295.451799710792,155.921168909751,2005
"woods",147.801562952062,242.558067686536,324.623084018705,235.87525053688,2005
"crops",339.807313758079,452.40985290679,577.581290660156,469.05941546806,2006
"grass",1291.36702801439,1445.86000226665,1591.62030120449,1423.83449627246,2006
"other",69.0743252131081,135.743376906846,217.636925026788,67.3550245453154,2006
"rough",834.294999097363,973.597600067677,1095.91379490786,938.754783299775,2006
"urban",111.652682431564,198.581806701673,292.269531331382,162.790314813098,2006
"woods",152.6839821032,234.372837958722,316.832535523482,203.114572712958,2006
"crops",518.663313891767,630.726647098909,746.777646604508,659.106874244646,2007
"grass",1228.60234722595,1355.5224922429,1483.51428859715,1367.70469394505,2007
"other",86.5049604233602,162.937014511034,239.528938275537,133.099774175712,2007
"rough",672.458458138549,799.123278208831,917.95038330172,758.16132008811,2007
"urban",142.762818939364,228.269456914827,315.026225067597,222.90118448959,2007
"woods",177.482211742498,259.318239564134,337.228925102391,259.744920513167,2007
"crops",471.339929901907,582.334677280771,700.256629564176,565.788111376846,2008
"grass",1202.2559619146,1333.46165828218,1457.82480341682,1363.13579099455,2008
"other",73.1356230542825,146.882195386943,223.080292817268,90.2908031138733,2008
"rough",786.283552382863,900.971691681107,1020.5180405555,855.048843843872,2008
"urban",119.317509393555,203.463358944453,295.293004626344,149.996582175,2008
"woods",137.691306701875,221.733493938605,301.121580046425,222.782474263166,2008
"crops",552.057535690111,666.597694660295,792.024129864559,574.269223735365,2009
"grass",1228.76766305272,1355.73454848539,1500.47841811285,1359.17752525657,2009
"other",79.6296791127502,141.321456639298,216.775694476442,112.215069292017,2009
"rough",663.533234465507,768.438381511945,884.494075292913,785.782503563641,2009
"urban",116.850888839772,199.066814558226,283.00455283389,151.833134013969,2009
"woods",157.36859303781,233.608372071819,317.653070047316,216.212225729067,2009
"crops",499.788056844081,613.552028647779,734.676421306944,592.942691590747,2010
"grass",1128.37584664187,1254.13447533935,1379.27544410229,1262.65062905195,2010
"other",115.070000261203,185.050542365782,258.78004596643,186.924037776954,2010
"rough",667.129796795661,772.575833881958,892.710465515413,778.733654858167,2010
"urban",172.452222459125,248.244572067509,339.484649780544,221.679956438142,2010
"woods",206.39882779089,286.893446821443,371.045380486105,231.269291580754,2010
"crops",621.492433486379,729.255192290055,847.279231972446,776.420257634809,2011
"grass",1120.69984712853,1256.88779959219,1382.14803117218,1243.81952556931,2011
"other",83.8388880416853,145.552929355349,213.595840148419,65.6171196723453,2011
"rough",555.644222787627,671.59711265501,798.683344806117,649.598024395693,2011
"urban",126.417150423166,207.398811580542,293.963232913079,154.443222113747,2011
"woods",184.754133800489,264.094405048267,348.654153906201,273.603613524391,2011
"crops",640.061144579902,748.761892027142,855.484744907985,711.624627243039,2012
"grass",1027.47145327512,1134.59703680249,1267.06197194514,1102.5877565375,2012
"other",66.250513001873,132.270784450328,200.11790758955,105.436401525915,2012
"rough",527.289756312499,629.300377190027,747.29393293143,621.062030435904,2012
"urban",114.693815397279,192.068933703652,283.704963856121,143.524637716093,2012
"woods",151.988480420676,224.662178604453,301.579175712281,196.195107196276,2012
"crops",538.988087416399,650.728896746825,750.305140913019,644.010725292035,2013
"grass",1031.04493196724,1141.79900977611,1263.81496893287,1084.16320826641,2013
"other",63.1632679212802,126.822787808692,185.295241303091,129.293438675726,2013
"rough",590.260394144266,700.987942453462,809.373872743502,735.702181587625,2013
"urban",99.1462846598773,182.089676311266,261.718874845584,133.489208225474,2013
"woods",129.628949710985,203.135418400155,292.797378760677,158.80441731706,2013
"crops",493.295920790402,596.335868816515,709.079345421648,596.614882558292,2014
"grass",1005.99408269595,1116.98301653089,1245.4699845931,1184.35221151633,2014
"other",71.1215682799664,136.928142612223,212.293637423474,105.717460734036,2014
"rough",574.073149898612,673.930554940251,790.600420387807,648.355068743449,2014
"urban",119.702440321545,192.859528666212,277.049246566586,158.827629070994,2014
"woods",135.219091422418,210.661349481664,289.907327578259,190.516749136666,2014
"crops",492.838330831234,600.921662668479,714.169335253595,573.47819691051,2015
"grass",938.602597550415,1066.42170045891,1179.60038914342,1046.98704244592,2015
"other",92.644099471386,157.575686715336,229.921415831671,128.910357808083,2015
"rough",464.610288819152,570.026069731324,676.87542898597,530.276987030535,2015
"urban",130.086619050676,211.939721052863,300.76984364486,187.316567703963,2015
"woods",135.84635477765,208.785530559085,292.723153504683,178.873943443397,2015
"crops",401.936962539246,497.808179608798,606.712845672562,487.86122022127,2016
"grass",748.753940690367,866.855976519682,967.554220204382,899.966600187571,2016
"other",79.8874329105655,137.154794159613,215.273150046815,101.345470479082,2016
"rough",649.49538280246,748.749942027066,856.417832818652,746.907622388379,2016
"urban",91.4596148280324,168.587282775334,253.816895411078,123.878462992229,2016
"woods",91.1847836961447,168.028127992014,245.698397682902,114.579003388708,2016
"crops",323.910141499009,411.209954734706,500.662237935356,399.412336322138,2017
"grass",577.467263791607,685.684005652604,778.476218706051,676.697312954006,2017
"other",82.4621732064677,165.360539248697,240.969879636483,124.292926086685,2017
"rough",457.7206670541,566.352871961983,673.632643520134,538.551311517434,2017
"urban",87.2752323073532,177.788103145615,269.781293883262,196.663306457645,2017
"woods",119.391079686771,187.763161089219,266.586360441688,170.928750529707,2017
"crops",182.296936285769,262.686537201623,357.000790232589,260.084224178745,2018
"grass",571.320687788896,667.669257005946,770.005874407129,618.851937199876,2018
"other",69.8186825007992,146.583972420283,223.538094690544,142.388230160461,2018
"rough",487.786776360251,589.397275672892,699.754196275089,570.883430375471,2018
"urban",104.830301169133,173.522209164915,245.82447462291,133.818117106706,2018
"woods",108.867657526938,188.013786978469,267.463030225102,125.346339458635,2018
"crops",203.225710042312,282.788731386627,372.935269477839,264.293546917908,2019
"grass",543.86876573981,639.021263695993,734.261539466874,619.880119999355,2019
"other",59.3162799440619,121.100723174001,204.364174907927,60.6599342295506,2019
"rough",563.37610545628,665.376428219788,773.599272562236,624.816917104164,2019
"urban",76.9793673295907,144.821843525923,220.553520805896,76.6085560881642,2019
"woods",97.5051522575924,160.462581147192,228.308570293348,142.57896876309,2019
"crops",204.537458693949,292.032416179888,379.968965460035,250.008306549287,2020
"grass",545.295975733415,640.996361676226,729.361991672781,667.992434789002,2020
"other",56.127389893644,117.822710111598,193.537128369095,70.1689819826011,2020
"rough",569.382357843203,666.170278985914,781.828924378403,623.601952373212,2020
"urban",74.0640735137235,146.240727238828,220.114977565363,99.7516903555197,2020
"woods",83.8101630917727,153.629850807491,238.684168334602,113.143833604342,2020
